id,SALES,IT LABOUR,IT STOCK,LABOUR,CAPITAL
average,17.60667349,0.619193687,4.168793048,4.552215858,16.03693764
min,13.29745,0,0.6931472,0.6931472,9.650723
max,23.94662,1,9.966885,9.924074,24.79572
Q1,16.53531,0.3409091,2.995732,3.526361,14.66835
Q2(median),17.44273,0.6472727,3.970292,4.442651,15.92495
Q3,18.5378,1,5.135798,5.568345,17.40593
